"0","library(tidyverse)
"
"2","Registered S3 methods overwritten by 'dbplyr':
  method         from
  print.tbl_lazy     
  print.tbl_sql      
"
"2","[37mâ”€â”€ [1mAttaching packages[22m â”€â”€â”€â”€â”€â”€â”€â”€â”€â”€â”€â”€â”€â”€â”€â”€â”€â”€â”€â”€â”€â”€â”€â”€â”€â”€â”€â”€â”€â”€â”€â”€â”€â”€â”€â”€â”€â”€â”€â”€â”€â”€â”€â”€â”€â”€â”€â”€â”€â”€ tidyverse 1.3.0 â”€â”€[39m
"
"2","[37m[32mâœ“[37m [34mtibble [37m 3.1.0     [32mâœ“[37m [34mdplyr  [37m 1.0.4
[32mâœ“[37m [34mtidyr  [37m 1.1.2     [32mâœ“[37m [34mstringr[37m 1.4.0
[32mâœ“[37m [34mreadr  [37m 1.4.0     [32mâœ“[37m [34mforcats[37m 0.5.1
[32mâœ“[37m [34mpurrr  [37m 0.3.4     [39m
"
"2","[37mâ”€â”€ [1mConflicts[22m â”€â”€â”€â”€â”€â”€â”€â”€â”€â”€â”€â”€â”€â”€â”€â”€â”€â”€â”€â”€â”€â”€â”€â”€â”€â”€â”€â”€â”€â”€â”€â”€â”€â”€â”€â”€â”€â”€â”€â”€â”€â”€â”€â”€â”€â”€â”€â”€â”€â”€â”€â”€â”€ tidyverse_conflicts() â”€â”€
[31mx[37m [34mdplyr[37m::[32mas_data_frame()[37m masks [34mtibble[37m::as_data_frame(), [34migraph[37m::as_data_frame()
[31mx[37m [34mpurrr[37m::[32mcompose()[37m       masks [34migraph[37m::compose()
[31mx[37m [34mtidyr[37m::[32mcrossing()[37m      masks [34migraph[37m::crossing()
[31mx[37m [34mtidyr[37m::[32mexpand()[37m        masks [34mMatrix[37m::expand()
[31mx[37m [34mdplyr[37m::[32mfilter()[37m        masks [34mstats[37m::filter()
[31mx[37m [34mdplyr[37m::[32mgroups()[37m        masks [34migraph[37m::groups()
[31mx[37m [34mdplyr[37m::[32mlag()[37m           masks [34mstats[37m::lag()
[31mx[37m [34mtidyr[37m::[32mpack()[37m          masks [34mMatrix[37m::pack()
[31mx[37m [34mpurrr[37m::[32msimplify()[37m      masks [34migraph[37m::simplify()
[31mx[37m [34mtidyr[37m::[32munpack()[37m        masks [34mMatrix[37m::unpack()[39m
"
